Glotto_name,Guthrie_code_Maho_2009,ISO,group_number_Maho_2009,group_name,comment_classification,coder,Gramfinder,Gram_dict,NC_annotation,Glotto_dict
Bima (oroko),A11,bdu,A10,Lundu-Balong,,,,,,
Bima (oroko),A12,bdu,A10,Lundu-Balong,,,,,,
Bafaw-Balong,A13,bwt,A10,Lundu-Balong,,,,,,
Bonkeng,A14,bvg,A10,Lundu-Balong,,,,,,
Bareko,A15A,mbo,A10,Lundu-Balong,,,,,,
Bassossi,A15B,bsi,A10,Lundu-Balong,,,,,,
Babong,A15C,bqz,A10,Lundu-Balong,,,,,,
Akoose,A15,bss,A10,Lundu-Balong,,,,,,
Nkongho,A151,nkc,A10,Lundu-Balong,,,,,,
Wumboko-Bubia,A21,bqm,A20,Duala,,,,,,
Mokpwe,A22,bri,A20,Duala,,,,,,
Bubia,A221,bbx,A20,Duala,,,,,,
Isu (Fako Division),A23,szv,A20,Duala,,,,,,
Bakole,A231,kme,A20,Duala,,,,,,
Bodiman,A24,dua,A20,Duala,,,,,,
Oli-Bidiman,A25,-,A20,Duala,,,,,,
Malimba,A27,mzd,A20,Duala,,,,,,
Bube,A31,bvb,A30,Bubi-Benga,,harsha,,"https://130.60.24.118/gramfinder/p/africa/bolekia_bubi2009_o.pdf,
https://130.60.24.118/gramfinder/p/africa/bolekia_bubi2009.pdf",,
Batanga,A32,bnm,A30,Bubi-Benga,,harsha,,NaN,,
Asonga,A33a,yko,A30,Bubi-Benga,,harsha,,NaN,,
Asonga (Ngumbi),A33b,nui,A30,Bubi-Benga,,harsha,,NaN,,
Benga,A34,bng,A30,Bubi-Benga,,harsha,,"https://130.60.24.118/gramfinder/p/africa/good_dictionary-benga1879_o.pdf,
https://130.60.24.118/gramfinder/p/africa/good_dictionary-benga1879.pdf",,
Barombi,A41,bbi,A40,,,,,,,
Bankon,A42,abb,A40,,,,,,,
Bakem,A43a,bas,A40,,,,,,,
Adie,A43b,bkh,A40,,,,,,,
Eling,A44,tvu,A40,,,,,,,
Nyokon,A45,nvo,A40,,,,,,,
Nomaande,A46,lem,A40,,,,,,,
Tuotomb,A461,ttf,A40,,,,,,,
Nedek,A462,yat,A40,,,,,,,
Hijuk,A501,hij,A50,Bafia,this one is A40-70 in Glottolog,harsha,,NaN,,nothing
Cama,A51,lfa,A50,Bafia,,harsha,,NaN,,nothing
Dimbong,A52,dii,A50,Bafia,,harsha,,NaN,,nothing
Bafia,A53,ksf,A50,Bafia,,harsha,,NaN,,nothing
Tibea,A54,ngy,A50,Bafia,,harsha,,NaN,,nothing
Tucangu,A601,bag,A60,,,,,,,
Nuasue,A62A,yav,A60,,,,,,,
Mmaala,A62B,mmu,A60,,,,,,,
Elip,A62C,ekm,A60,,,,,,,
Baca (Cameroon),A621,baf,A60,,,,,,,
Northern Gunu,A622,yas,A60,,,,,,,
Mbule,A623,mlb,A60,,,,,,,
Leti (Cameroon),A63,leo,A60,,,,,,,
Bati (Cameroon),A65,btc,A60,,,,,,,
Eton-Mengisa,A71,eto/mct,A70,,,,,,,
Badjia,A72(a),ewo,A70,,,,,,,
Bebele,A73a,beb,A70,,,,,,,
Bebil,A73b,bxp,A70,,,,,,,
Bene,A74,bum,A70,,,,,,,
Fang (Equatorial Guinea),A75,fan,A70,,,,,,,
Gyele,A801,gyi,A80,,,,,,,
Bikaka,A802,ukh,A80,,,,,,,
Shiwa,A803,-,A80,,,,,,,
Kwasio,A81,nmg,A80,,,,,,,
Emvane So,A82,sox,A80,,,,,,,
Bebent,A83,mcp,A80,,,,,,,
Besep,A831,mkk,A80,,,,,,,
Bikeng,A832,biw,A80,,,,,,,
Njyem,A84,njy,A80,,,,,,,
Badwe'e,A842,ozm,A80,,,,,,,
Bekwil,A85,bkw,A80,,,,,,,
Bageto,A86b,mgg,A80,,,,,,,
Bidjuki,A86c,mcx,A80,,,,,,,
Bomwali,A87,bmw,A80,,,,,,,
Yambe,-,-,A80,,,,,,,
Baki (Cameroon),A91,kwu,A90,Kaka,,harsha,,NaN,,
Azom,A92,pmm,A90,Kaka,,harsha,,NaN,,
Bera (Cameroon),A93,kkj,A90,Kaka,,harsha,,NaN,,
Ajumba,B11,mye,B10,Myene,,harsha,,"https://130.60.24.118/gramfinder/p/africa/delorme_pongoue1877.pdf,
https://130.60.24.118/gramfinder/p/africa/delorme_pongoue1877_o.pdf,
https://130.60.24.118/gramfinder/p/africa/raponda_mpongue1934.pdf,
https://130.60.24.118/gramfinder/p/africa/raponda_mpongue1995[1934].pdf,
https://130.60.24.118/gramfinder/p/africa/raponda_mpongue1995[1934]_o.pdf,
https://130.60.24.118/gramfinder/p/africa/raponda_mpongwe1961.pdf,
https://130.60.24.118/gramfinder/p/africa/raponda_mpongwe1961v2_o.pdf,
https://130.60.24.118/gramfinder/p/africa/raponda_mpongwe1961_o.pdf",,
Ndasa,B201,nda,B20,Kele,,,,,,
Sighu,B202,sxe,B20,Kele,,,,,,
Osamayi,B203,syx,B20,Kele,,,,,,
Ndambomo,B204,nxo,B20,Kele,,,,,,
Seki,B21,syi,B20,Kele,,,,,,
Molengue,B211,bxc,B20,Kele,,,,,,
Molengue,B211,bxc,B20,Kele,,,,,,
Bubi (Kele),B22a,keb,B20,Kele,,,,,,
Ngom,B22b,nra,B20,Kele,,,,,,
Bubi,B22c,B305,B20,Kele,Maho (2009) lists Bubi as B22c and B305,,,,,
Tombidi,B22D,-,B20,Kele,,,,,,
Mwesa,B22E,-,B20,Kele,,,,,,
Mbangwe,B23,zmn,B20,Kele,,,,,,
Wumbvu,B24,wum,B20,Kele,,,,,,
Kota (Gabon),B25,koq,B20,Kele,,,,,,
Sake,B251,sak,B20,Kele,,,,,,
Mahongwe,B252,mhb,B20,Kele,,,,,,
Viya,B301,gev,B30,Tsogo,,,,,,
Simba,B302,sbw,B30,Tsogo,,,,,,
Pinji,B304,pic,B30,Tsogo,,,,,,
Bubi,B305,buw,B30,Tsogo,,,,,,
Tsogo,B31,tsv,B30,Tsogo,,,,,,
Kande,B32,kbs,B30,Tsogo,,,,,,
Bwisi,B401,bwz,B40,Shira-Punu,,harsha,,NaN,,
Barama,B402,bbg,B40,Shira-Punu,,harsha,,NaN,,
Vumbu,B403,vum,B40,Shira-Punu,,harsha,,NaN,,
Ngubi,B404,-,B40,Shira-Punu,,harsha,,,,
Sira,B41,swj,B40,Shira-Punu,,harsha,,NaN,,
Sangu (Gabon),B42,snq,B40,Shira-Punu,,harsha,,NaN,,
Punu,B43,B43,B40,Shira-Punu,,harsha,,"https://130.60.24.118/gramfinder/p/africa/blanchon_punu2008_s.pdf,
https://130.60.24.118/gramfinder/p/africa/bonneau_pounoue1956_o.pdf,
https://130.60.24.118/gramfinder/p/africa/bonneau_pounou1956v2_o.pdf,
https://130.60.24.118/gramfinder/p/africa/bonneau_pounou1956_o.pdf,
https://130.60.24.118/gramfinder/p/africa/bonneau_pounoue1956.pdf,
https://130.60.24.118/gramfinder/p/africa/bonneau_pounou1956.pdf",,
Lumbu,B44,lup,B40,Shira-Punu,,harsha,,NaN,,
Wandji,B501,wdd,B50,Nzebi,,harsha,,NaN,,
Vili,B503,-,B50,Nzebi,Same as H12 Coastal Vili (vif)? Geographic location of these two is the same in Maho (2009),,,,,
Duma,B51,dma,B50,Nzebi,,harsha,,https://130.60.24.118/gramfinder/p/africa/dahin_adouma1893.pdf,,
Njebi,B52,nzb,B50,Nzebi,,harsha,,NaN,,
Tsaangi,B53,tsa,B50,Nzebi,,harsha,,NaN,,
Kaningi,B602,kzo,B60,Mbete,,harsha,,NaN,,
Ampiini,B61,mdt,B60,Mbete,,harsha,,"https://130.60.24.118/gramfinder/p/africa/biton_ndumu-dictionnaire1969_o.pdf,
https://130.60.24.118/gramfinder/p/africa/biton_ndumu-dictionnaire1969.pdf",,
Ombamba-Congo,B62,mbm,B60,Mbete,,harsha,,NaN,,
Epigi,B63,nmd,B60,Mbete,,harsha,,"https://130.60.24.118/gramfinder/p/africa/biton_ndumu-dictionnaire1969_o.pdf,
https://130.60.24.118/gramfinder/p/africa/biton_ndumu-dictionnaire1969.pdf",,
Tchitchege,B701,tck,B70,Teke,,harsha,,NaN,,
Lateghe-Sud,B71,teg,B70,Teke,,harsha,,"https://130.60.24.118/gramfinder/p/africa/prat_tege1904_o.pdf,
https://130.60.24.118/gramfinder/p/africa/prat_tege1904.pdf,
https://130.60.24.118/gramfinder/p/africa/prat_tege1904v2_o.pdf",,
Akelel,B72,ngz,B70,Teke,,harsha,,NaN,,
Teke-Tsaayi,B73a,tyi,B70,Teke,,harsha,,NaN,,
Teke-Laali,B73b,lli,B70,Teke,,harsha,,NaN,,
Yaka (Congo),B73c,iyx,B70,Teke,,harsha,,NaN,,
Teke-Tyee,B73d,tyx,B70,Teke,,harsha,,NaN,,
Teke-Eboo-Nzikou,B74,ebo/nzu,B70,Teke,"HH(2023): Teke-Eboo and Teke-Nzikou are commonly enumerated separately but the recent comparison by Raharimanantsoa (2012) shows that such a distinction is untenable, wherefore we count them as the same here.",,,,,
Ibali Teke,B75–6,tek,B70,Teke,,harsha,,"https://130.60.24.118/gramfinder/p/africa/sims_kiteke1886_o.pdf,
https://130.60.24.118/gramfinder/p/africa/sims_kiteke1886.pdf",,
Teke-Kukuya,B77a,kkw,B70,Teke,,harsha,,NaN,,
Bisi-Bana,B77b,ifm,B70,Teke,,harsha,,"https://130.60.24.118/gramfinder/p/africa/calloc'h_ifumu1911_o.pdf,
https://130.60.24.118/gramfinder/p/africa/calloch_ifumu1911.pdf,
https://130.60.24.118/gramfinder/p/africa/calloc'h_ifumu1911.pdf",,
Mfuome,B81,tii,B80,Tiene-Yanzi,,harsha,,NaN,,
Boma Yumu,B82,boh,B80,Tiene-Yanzi,,harsha,,"https://130.60.24.118/gramfinder/p/africa/hochegger_buma1972.pdf,
https://130.60.24.118/gramfinder/p/africa/hochegger_buma1972_o.pdf,
https://130.60.24.118/gramfinder/p/africa/hochegger_buma1972pages.pdf,
https://130.60.24.118/gramfinder/p/africa/hochegger_buma1972pages_o.pdf",,
Kempee,B821,-,B80,Tiene-Yanzi,,,,,,
Mfinu,B83,zmf,B80,Tiene-Yanzi,,harsha,,NaN,,
Mbuun,B84,B87,B80,Tiene-Yanzi,,harsha,,NaN,,
Kwilu-Kamtsha,B85,yns,B80,Tiene-Yanzi,,harsha,,NaN,,
Mpiin,B85d,soo,B80,Tiene-Yanzi,,harsha,,NaN,,
Ngongo,B864,noq,B80,Tiene-Yanzi,,harsha,,NaN,,
Samba,B85F (=L12a),smx,B80,Tiene-Yanzi,,harsha,,NaN,,
Ding,B86,diz,B80,Tiene-Yanzi,,harsha,,"https://130.60.24.118/gramfinder/p/africa/mertens_dzing1935_o.pdf,
https://130.60.24.118/gramfinder/p/africa/mertens_ba-dzing1935-1939_o.pdf,
https://130.60.24.118/gramfinder/p/africa/mertens_ba-dzing1935-1939.zip,
https://130.60.24.118/gramfinder/p/africa/mertens_ba-dzing1935-1939.pdf,
https://130.60.24.118/gramfinder/p/africa/mertens_dzing1935.pdf",,
Engwi Edzug,B861,nlo,B80,Tiene-Yanzi,,harsha,,NaN,,
Lwel,B862,lvl,B80,Tiene-Yanzi,"In Glottolog, Lwel is lvl but this code is missing from Maho (2009)",harsha,,NaN,,
Nzadi,B865,nzd,B80,Tiene-Yanzi,"In Glottolog, Nzadi is nzd but this code is missing from Maho (2009)",harsha,,NaN,,
Mbuun,B87,zmp,B80,Tiene-Yanzi,,harsha,,NaN,,
Central Dibole,C101,bvx,С10,,,harsha,,NaN,,
Dikota,C102,ngd,С10,,,harsha,,NaN,,
Bambenzele,C104,axk,С10,,,harsha,,https://130.60.24.118/gramfinder/p/africa/thomas_lexique-aka2018.pdf,,
Mikaya-Bambengangale-Baluma,C105,-,С10,,,,,,,
Ngundi,C11,ndn,С10,,,harsha,,NaN,,
Bogongo,C12,bkj,С10,,,harsha,,NaN,,
Bolemba,C13,mdn,С10,,,harsha,,NaN,,
Bomitaba,C14,zmx,С10,,,harsha,,NaN,,
Impfondo,C143,bok,С10,,,harsha,,NaN,,
Bongili,C15,bui,С10,,,harsha,,NaN,,
Lobala,C16,loq,С10,,,harsha,,NaN,,
Boko (Democratic Republic of Congo),C16,bkp,С10,,,harsha,,NaN,,
Bomboli-Bozaba,C161,bml,С10,,,harsha,,NaN,,
Bozaba,C162,bzo,С10,,,harsha,,NaN,,
Mboko,C21 (=  C23),mdu,С20,Mboshi,,harsha,,NaN,,nothing
Akwa,C22,akw,С20,Mboshi,,harsha,,NaN,,nothing
Koyo,C24,koh,С20,Mboshi,,harsha,,NaN,,nothing
Mbosi,C25,mdw,С20,Mboshi,,harsha,,NaN,yes,"Kouarata, Guy, Roch Paulin Beapami, Ruth Chatfield & Andrea Waldschmidt. (2000) Dictionnaire Mbochi- Français (Nzɛmbisi y'imbɔsi m'embɔsi la leporo). Brazzaville: SIL-Congo; is mentioned in GF but no link; available at SIL website"
Likwala,C26,kwc,С20,Mboshi,its Ngiri branch in the Glottolog; not C20,harsha,,NaN,,nothing
Likuba,C27,kxx,С20,Mboshi,its Ngiri branch in the Glottolog; not C20,harsha,,NaN,,nothing
Bolondo,C302,bzm,C30,Bangi-Ntomba,,harsha,,NaN,,
Loi-Likila,C31a,biz,C30,Bangi-Ntomba,,harsha,,NaN,,
Banza,C311,mmz,C30,Bangi-Ntomba,,harsha,,NaN,,
Ndobo,C312,ndw,C30,Bangi-Ntomba,,harsha,,NaN,,
Litoka,C313,-,C30,Bangi-Ntomba,,,,,,
Bobangi,C32,bni,C30,Bangi-Ntomba,,harsha,,"https://130.60.24.118/gramfinder/p/africa/sims_kibangi1886_o.pdf,
https://130.60.24.118/gramfinder/p/africa/sims_kibangi1886.pdf,
https://130.60.24.118/gramfinder/p/africa/whitehead_bobangi1899v2_o.pdf,
https://130.60.24.118/gramfinder/p/africa/whitehead_bobangi1899.pdf,
https://130.60.24.118/gramfinder/p/africa/whitehead_bobangi1899v2.pdf",,
Bobangi-Nunu,C32 (=C38),mow,C30,Bangi-Ntomba,,harsha,,NaN,,
Balobo,C314,lie,C30,Bangi-Ntomba,,harsha,,NaN,,
Boniange,C321,liz,C30,Bangi-Ntomba,,harsha,,NaN,,
Zamba,C322,-,C30,Bangi-Ntomba,,,,,,
Mpama,C323,-,C30,Bangi-Ntomba,,,,,,
Sengele,C33,szg,C30,Bangi-Ntomba,,harsha,,NaN,,
Bay (Democratic Republic of Congo),C34,skt,C30,Bangi-Ntomba,,harsha,,NaN,,
Imona,C35a,nto,C30,Bangi-Ntomba,,harsha,,NaN,,
Bolia,C35b,bli,C30,Bangi-Ntomba,,harsha,,NaN,,
Bumwangi,C36,lse,C30,Bangi-Ntomba,,harsha,,NaN,,
Boloki,C36e,bkt,C30,Bangi-Ntomba,,harsha,,NaN,,
Ndolo,C36g,ndl,C30,Bangi-Ntomba,,harsha,,NaN,,
Bosambi,C37,bja,C30,Bangi-Ntomba,,harsha,,NaN,,
Motembo-Kunda,C371,tmv,C30,Bangi-Ntomba,,harsha,,NaN,,
Egbuta,C373,-,C30,Bangi-Ntomba,,,,,,
Momveda,C401,pae,C40,Ngombe,,harsha,,NaN,,
Bomokandi,C403,kty,C40,Ngombe,,harsha,,NaN,,
Binja,C41,ngc,C40,Ngombe,,harsha,,"https://130.60.24.118/gramfinder/p/africa/ruskin-ruskin_lingombe1937.pdf,
https://130.60.24.118/gramfinder/p/africa/ruskin-ruskin_lingombe1937_o.pdf",,
Bokonzi,C411,bws,C40,Ngombe,,harsha,,NaN,,
Bamwe,C412,bmg,C40,Ngombe,,harsha,,NaN,,
Dzando,C413,dzn,C40,Ngombe,,harsha,,NaN,,
Benza,C414,lgz,C40,Ngombe,,harsha,,NaN,,
Bwela,C42,bwl,C40,Ngombe,,harsha,,NaN,,
Bati,C44,bww,C40,Ngombe,,harsha,,"https://130.60.24.118/gramfinder/p/africa/bareau-reding_mobenge1912_o.pdf,
https://130.60.24.118/gramfinder/p/africa/bareau-reding_mobenge1912.pdf",,
Babango,C441,bbm,C40,Ngombe,,harsha,,NaN,,
Beo (Democratic Republic of Congo),C45,agh,C40,Ngombe,,harsha,,"https://130.60.24.118/gramfinder/p/africa/gerard_lebeo1924.pdf,
https://130.60.24.118/gramfinder/p/africa/gerard_lebeo1924v2_o.pdf,
https://130.60.24.118/gramfinder/p/africa/gerard_lebeo1924_o.pdf",,
Elinga,C502,-,C50,Soko-Kele,Not in Glottolog?,,,,,nothing
Mbesa,C51,zms,C50,Soko-Kele,,harsha,,NaN,,nothing
So (Democratic Republic of Congo),C52,soc,C50,Soko-Kele,,harsha,,NaN,,nothing
Baluombila,C53,pof,C50,Soko-Kele,,harsha,,NaN,,nothing
Lombo,C54,loo,C50,Soko-Kele,,harsha,,NaN,,nothing
Kele-Foma,C55,khy/fom,C50,Soko-Kele,ISO should be khy; fom is bookkeeping. ,,,,,"for khy a dictionnary exists but no link in GF: Millman, William. (1926) Vocabulary of Ekele: the language spoken by the Lokele tribe living between Yanjali and Stanleyville, Congo Belge. Yakusu: Baptist Missionary Society."
Mongo,C61,lol/ymg,C60,Mongo-Nkundo,,,,,,
Bafoto,C611,-,C60,Mongo-Nkundo,,,,,,
Ngando-Lalia,C63,nxd/lal,C60,Mongo-Nkundo,,,,,,
Hamba de Lomela,C71,hba,C70,,,harsha,,NaN,,
Ewango,C71,tll,C70,,,harsha,,"https://130.60.24.118/gramfinder/p/africa/hagendorens_otetela1975.pdf,
https://130.60.24.118/gramfinder/p/africa/hagendorens_otetela1975v2.pdf",,
Kusu,C72,ksv,C70,,,harsha,,NaN,,
Elembe,C73,nkw,C70,,,harsha,,NaN,,
Yela-Kela,C74/C75,yel/kel,C70,,,,,,,
Mbuli,C76,oml,C70,,,harsha,,NaN,,
Dengese,C81,dez,C80,,,,,,,
Ohendo,C82,soe,C80,,,,,,,
Batshwa-Bushoong,C83,buf,C80,,,,,,,
Lele (Democratic Republic of Congo),C84,lel,C80,,,,,,,
Central Wonk,C85,won,C80,,,,,,,
Botunga,D11,mdq,D10,,,harsha,,NaN,,
Lengola,D12,lej,D10,,,harsha,,NaN,,
Mituku,D13,zmq,D10,,,harsha,,NaN,,
Enya-Kisangani,D14,gey,D10,,,harsha,,NaN,,
Mokpa,-,-,D10,,,,,,,
Liko,D201,lik,D20,Lega-Holoholo,,,,,,
Bafwandaka,D21,bcp,D20,Lega-Holoholo,,,,,,
Kango (Tshopo District),D211,kzy,D20,Lega-Holoholo,,,,,,
Amba (Uganda),D22,rwm,D20,Lega-Holoholo,,,,,,
Komo (Democratic Republic of Congo),D23,kmw,D20,Lega-Holoholo,,,,,,
Gengele,D24,sod,D20,Lega-Holoholo,,,,,,
Bilembo-Mango,D25,lgm,D20,Lega-Holoholo,,,,,,
Kigala,D251,lea,D20,Lega-Holoholo,,,,,,
Kanu,D251,khx,D20,Lega-Holoholo,,,,,,
Kwami,D251,ktf,D20,Lega-Holoholo,,,,,,
Kis…õÃÅmb…îÃÅmb…î,D26,zmb,D20,Lega-Holoholo,,,,,,
Bangubangu,D27,bnx,D20,Lega-Holoholo,,,,,,
Holoholo,D28,hoo,D20,Lega-Holoholo,,,,,,
Kari,D301,kbj,D30,,,harsha,,NaN,,
Boguru,D302,bqu,D30,,,harsha,,NaN,,
Ngbinda-Mayeka,D303,nbd/myc,D30,,,,,,,
Homa,D304,hom,D30,,,harsha,,NaN,,
Nyanga-li,D305,nyc/gti,D30,,,,,,,
Bodo (Central African Republic),D308,boy,D30,,,harsha,,NaN,,
Bhele,D31,bhy,D30,,,harsha,,NaN,,
Bila,D311,bip,D30,,,harsha,,NaN,,
Kaiku,D312,kkq,D30,,,harsha,,NaN,,
Bera,D32,brf,D30,,,harsha,,NaN,,
Nyali,D33,nlj,D30,,,harsha,,NaN,,
Vanuma,D331,vau,D30,,,harsha,,NaN,,
Bafwakoyi,D332,buu,D30,,,harsha,,NaN,,
Ndaka,D333,ndk,D30,,,harsha,,NaN,,
Mbo (Democratic Republic of Congo),D334,zmw,D30,,,harsha,,NaN,,
Beeke,D335,bkf,D30,,,harsha,,NaN,,
Ngbee,D336,jgb,D30,,,harsha,,NaN,,
Belueli,-,-,D30,,,,,,,
Konzo,D41,JD41,D40,Nyanga,,,,,,
Nande,D42,JD42,D40,Nyanga,,,,,,
Ifuna,D43,nyj,D40,Nyanga,,harsha,,NaN,,
#N/A,D501-D531,seeJD50,D50,Bembe-Buyi,"Not sure how to interpret see ""JD50"". there is no single variety JD50 but JD501, 51, 52, 53, 531 which have 5 different names and 5 different ISO-codes in Glottolog",,,,,
Bembe,D54,bmb,D50,Bembe-Buyi,,harsha,,NaN,,
Buyu,D55,byi,D50,Bembe-Buyi,,harsha,,NaN,,
#N/A,E401-E45,seeJE40,E40,Temi,"Not sure how to interpret see ""JE40"". there is no single variety JE40 but JE401, 402-404, 403, and 405 which have 4 different names and 4 different ISO-codes in Glottolog",,,,,
Temi,E46,soz,E41,Temi,,harsha,,NaN,,
Gichugu,E51,kik,E50,Kikuyu-Kamba,,harsha,,"https://130.60.24.118/gramfinder/p/africa/barlow_kikuyu-dictionary1975_o.pdf,
https://130.60.24.118/gramfinder/p/africa/barlow_kikuyu-dictionary1975.pdf,
https://130.60.24.118/gramfinder/p/africa/benson_kikuyu1964_o.pdf,
https://130.60.24.118/gramfinder/p/africa/benson_kikuyu1964.pdf,
https://130.60.24.118/gramfinder/p/africa/mcgregor_kikuyu1904.pdf,
https://130.60.24.118/gramfinder/p/africa/mcgregor_kikuyu1904_o.pdf",,
Embu,E52,ebu,E50,Kikuyu-Kamba,,harsha,,NaN,,
Igembe,E53,mer,E50,Kikuyu-Kamba,,harsha,,"https://130.60.24.118/gramfinder/p/africa/mugambi_kemeero1970_o.pdf,
https://130.60.24.118/gramfinder/p/africa/mugambi_kemeero1970.pdf",,
Muthambi,E531,mws,E50,Kikuyu-Kamba,,harsha,,NaN,,
Gatue,E54,thk,E50,Kikuyu-Kamba,,harsha,,NaN,,
Chuka,E541,cuh,E50,Kikuyu-Kamba,,harsha,,NaN,,
Kamba (Kenya),E55,kam,E50,Kikuyu-Kamba,,harsha,,"https://130.60.24.118/gramfinder/p/africa/mwau_kikamba2006.pdf,
https://130.60.24.118/gramfinder/p/africa/mwau_kikamba2006_o.pdf",,
Dhaiso,E56,dhs,E50,Kikuyu-Kamba,,harsha,,"https://130.60.24.118/gramfinder/p/africa/rugemalira_kidaiso2019_o.pdf,
https://130.60.24.118/gramfinder/p/africa/rugemalira_kidaiso2019.pdf",,
Rwa,E61,E621A,E60,Chaga,,Rita,,,,
Machame,E62a,E621B,E60,Chaga,,Rita,,,,
Vunjo,E62b,E622C,E60,Chaga,,Rita,,,,
Kihai,E621A(=E61),rwk,E60,Chaga,,Rita,no,NaN,,
Bosho,E621B(=E62a),jmc,E60,Chaga,,Rita,yes,"https://130.60.24.118/gramfinder/p/africa/kagaya_kiwoso2006.pdf,
https://130.60.24.118/gramfinder/p/africa/kagaya-olomi_kiwoso2006.pdf,
https://130.60.24.118/gramfinder/p/africa/rugemalira_kimashami2008_o.pdf,
https://130.60.24.118/gramfinder/p/africa/rugemalira_kimashami2008.pdf",absent,
Mochi,E622A(=E62a),old,E60,Chaga,,Rita,no,NaN,,
Lema,E622C(=E62b),vun,E60,Chaga,,Rita,no,NaN,,
Keni,E623(=E62c),rof,E60,Chaga,,Rita,,https://130.60.24.118/gramfinder/p/africa/shinagawa_ronbo2015.pdf,,
Kahe,E64,hka,E60,Chaga,,Rita,,"https://130.60.24.118/gramfinder/p/africa/kahigi_kikahe2008.pdf,
https://130.60.24.118/gramfinder/p/africa/kahigi_kikahe2008_o.pdf",,
Gweno,E65,gwe,E60,Chaga,,Rita,,"https://130.60.24.118/gramfinder/p/africa/sewangi_kigweno2008_o.pdf,
https://130.60.24.118/gramfinder/p/africa/sewangi_kigweno2008.pdf",,
Ilwana,E701,mlk,E70,Nyika-Taita,,harsha,,NaN,,
Gwano,E71,pkb,E70,Nyika-Taita,,harsha,,NaN,,
Chwaka,"E72a,e,G,H",nyf,E70,Nyika-Taita,,harsha,,"https://130.60.24.118/gramfinder/p/africa/deed_giryama1964.pdf,
https://130.60.24.118/gramfinder/p/africa/deed_giryama1964_o.pdf,
https://130.60.24.118/gramfinder/p/africa/krapf-rebmann_nika1887.zip,
https://130.60.24.118/gramfinder/p/africa/krapf_nika-english-dictionary1887_o.pdf,
https://130.60.24.118/gramfinder/p/africa/krapf_nika-english-dictionary1887.pdf,
https://130.60.24.118/gramfinder/p/africa/taylor_giryama1891.pdf,
https://130.60.24.118/gramfinder/p/africa/taylor_giryama1891_o.pdf",,
Chonyi-Dzihana-Kauma,"E72b,c,F",coh,E70,Nyika-Taita,,harsha,,NaN,,
Duruma,E72d,dug,E70,Nyika-Taita,,harsha,,NaN,,
Digo,E73,dig,E70,Nyika-Taita,,harsha,,"https://130.60.24.118/gramfinder/p/africa/mwalonyaetal_digo-dictionary2004.pdf,
https://130.60.24.118/gramfinder/p/africa/mwalonyaetal_digo-dictionary2004_o.pdf,
https://130.60.24.118/gramfinder/p/africa/mwalonyaetal_digo-dictionary2006.pdf,
https://130.60.24.118/gramfinder/p/africa/mwalonyaetal_digo-dictionary2006_o.pdf",,
Segeju,E731,seg,E70,Nyika-Taita,,harsha,,NaN,,
Bura,"E74a,C",dav,E70,Nyika-Taita,,harsha,,NaN,,
Dambi (Kenya),E74b,tga,E70,Nyika-Taita,,harsha,,NaN,,
Tongwe,F11,tny,F10,Tongwe-Bende,,harsha,,NaN,,
Bende,F12,bdp,F10,Tongwe-Bende,,harsha,,"https://130.60.24.118/gramfinder/p/africa/abe_bende2006.pdf,
https://130.60.24.118/gramfinder/p/africa/abe_bende2006v2.pdf,
https://130.60.24.118/gramfinder/p/africa/abe_bende-vocabulary2006.pdf",,
Gwe,F21,suk,F20,Sukuma-Nyamwezi,,,,,,
Mweri,"F22A,B,D,E,F,G,H,I,J,K",nym,F20,Sukuma-Nyamwezi,,,,,,
Konongo,F22C,kcz,F20,Sukuma-Nyamwezi,,,,,,
Sumbwa,F23,suw,F20,Sukuma-Nyamwezi,,,,,,
Kimbu,F24,kiv,F20,Sukuma-Nyamwezi,,,,,,
Bungu,F25,wun,F20,Sukuma-Nyamwezi,,,,,,
Iambi,"F31A,C,D,E",nim,F30,Nilamba-Rangi,,,,,,
Isanzu,F31B,isn,F30,Nilamba-Rangi,,,,,,
Chahi,F32,rim,F30,Nilamba-Rangi,,,,,,
Haubi,F33,lag,F30,Nilamba-Rangi,,,,,,
Mbugwe,F34,mgz,F30,Nilamba-Rangi,,,,,,
Gogo,G11,gog,G10,Gogo-Kagulu,,,,,,
Kagulu,G12,kki,G10,Gogo-Kagulu,,,,,,
Taveta,G21,tvs,G20,Shambala,,harsha,,NaN,,
Asu (Tanzania),G22,asa,G20,Shambala,,harsha,,NaN,,
Korogwe,G23,ksb,G20,Shambala,,harsha,,"https://130.60.24.118/gramfinder/p/africa/lang_schambala1921.pdf,
https://130.60.24.118/gramfinder/p/africa/rosler_schambala1912_o.pdf,
https://130.60.24.118/gramfinder/p/africa/rosler_schambala1912v2.pdf,
https://130.60.24.118/gramfinder/p/africa/rosler_schambala1912.pdf",,
Bondei,G24,bou,G20,Shambala,,harsha,,"https://130.60.24.118/gramfinder/p/africa/kiango_kibondei2008.pdf,
https://130.60.24.118/gramfinder/p/africa/kiango_kibondei2008_o.pdf,
https://130.60.24.118/gramfinder/p/africa/woodward_boondei1882_o.pdf,
https://130.60.24.118/gramfinder/p/africa/woodward_boondei1882.pdf",,
Doe,G301,doe,G30,Zigula-Zaramo,,harsha,,NaN,,
Zigula,G31,ziw,G30,Zigula-Zaramo,,harsha,,"https://130.60.24.118/gramfinder/p/africa/dayley_chizigula2022.pdf,
https://130.60.24.118/gramfinder/p/africa/mochiwa_kizigula2008_o.pdf,
https://130.60.24.118/gramfinder/p/africa/mochiwa_kizigula2008.pdf",,
Mushungulu,G311,xma,G30,Zigula-Zaramo,,harsha,,NaN,,
Kwere,G32,cwe,G30,Zigula-Zaramo,,harsha,,NaN,,
Zaramo,G33,zaj,G30,Zigula-Zaramo,,harsha,,NaN,,
Ngulu,G34,ngp,G30,Zigula-Zaramo,,harsha,,NaN,,
Luguru,G35,ruf,G30,Zigula-Zaramo,,harsha,,NaN,,
Kami (Tanzania),G36,kcu,G30,Zigula-Zaramo,,harsha,,NaN,,
Kutu,G37,kdc,G30,Zigula-Zaramo,,harsha,,NaN,,
Vidunda,G38,vid,G30,Zigula-Zaramo,,harsha,,NaN,,
Itumba,G39,sbm,G30,Zigula-Zaramo,,harsha,,NaN,,
Coastal Makwe,G402,ymk,G40,Swahili,,harsha,,NaN,,
Kisanga,G403,wmw,G40,Swahili,,harsha,,NaN,,
Chimwiini,G412,-,G40,Swahili,,,,,,
Swahili,G41-43,swh/swc/ccl,G40,Swahili,"swc is Congo Swahili, ccl is Cutchi",,,,,
Maore,G44(D),swb,G40,Swahili,,harsha,,NaN,,
Ngazidja Comorian,G44a,zdj,G40,Swahili,,harsha,,NaN,,
Ndzwani Comorian,G44b,wni,G40,Swahili,,harsha,,NaN,,
Mwali Comorian,G44C,wlc,G40,Swahili,,harsha,,NaN,,
Pogolo,G51,poy,G50,Pogolo-Ndamba,,,,,,
Ndamba,G52,ndj,G50,Pogolo-Ndamba,,,,,,
Sangu (Tanzania),G61,sbp,G60,Bena-Kinga,,harsha,,NaN,,
Hehe,G62,heh,G60,Bena-Kinga,,harsha,,NaN,,
Bena (Tanzania),G63,bez,G60,Bena-Kinga,,harsha,,NaN,,
Kimwela,G64,pbr,G60,Bena-Kinga,,harsha,,NaN,,
Kinga,G65,zga,G60,Bena-Kinga,,harsha,,NaN,,
Magoma,G651,gmx,G60,Bena-Kinga,,harsha,,NaN,,
Vwanji,G66,wbi,G60,Bena-Kinga,,harsha,,NaN,,
Kisi,G67,kiz,G60,Bena-Kinga,,harsha,,NaN,,
Eastern Kituba,H10A,ktu,H10,Kikongo,,,,,,
Kituba (Congo),H10B,mkw,H10,Kikongo,,,,,,
Beembe,H11,beq,H10,Kikongo,,,,,,
Kaamba,H112A,xku,H10,Kikongo,,,,,,
Doondo,H112B,dde,H10,Kikongo,,,,,,
Coastal Vili,H12,vif,H10,Kikongo,,,,,,
Kunyi,H13,njx,H10,Kikongo,,,,,,
Suundi,H131,sdj,H10,Kikongo,,,,,,
Angola Nzeto,H16a-b,kng,H10,Kikongo,,,,,,
Yombe/San Salvador Kongo,H16c-d,yom/kwy,H10,Kikongo,"In Glottolog, these are two distinct languages",,,,,
Hangala,H16f,ldi,H10,Kikongo,,,,,,
Angola Nzeto,H16g-h,kng,H10,Kikongo,,,,,,
Kimbundu,H21,kmb,H20,Kimbundu,,harsha,,"https://130.60.24.118/gramfinder/p/africa/alves_bundo1951.pdf,
https://130.60.24.118/gramfinder/p/africa/alves_bundo1951_o.pdf,
https://130.60.24.118/gramfinder/p/africa/assis_kimbundu1948.pdf,
https://130.60.24.118/gramfinder/p/africa/assis_kimbundu1948v2.pdf,
https://130.60.24.118/gramfinder/p/africa/decannecattim_bunda1804_o.pdf,
https://130.60.24.118/gramfinder/p/africa/decannecattim_bunda1804.pdf,
https://130.60.24.118/gramfinder/p/africa/maia_dicionario-kimbundu-kikongo1961_o.pdf,
https://130.60.24.118/gramfinder/p/africa/maia_dicionario-kimbundu-kikongo1961.pdf,
https://130.60.24.118/gramfinder/p/africa/maia_dicionario-kimbundu-kikongo1961v2_o.pdf,
https://130.60.24.118/gramfinder/p/africa/maia_dicionario-kimbundu-kikongo1961v2.pdf",,
Sama,H22,smd,H20,Kimbundu,,harsha,,NaN,,
Kibala,H23,blv,H20,Kimbundu,,harsha,,NaN,,
Nsongo,H24,nsx,H20,Kimbundu,,harsha,,NaN,,
Yaka-Pelende-Lonzo,H31,yaf/ppp/lnz,H30,Yaka,,,,,,
Sonde,H321(=L101),shc,H30,Yaka,,,,,,
Angola Suku,H32,sub,H30,Yaka,,,,,,
Hungu-Pombo,H33,-,H30,Yaka,It's hng in Glottolog but this code is missing from Maho; HH (2023): Maho fuses Hungu and Holo,,,,,
Mbangala,H34,mxg,H30,Yaka,,,,,,
Mbala,H41,mdp,H40,Mbala-Hunganna,,harsha,,NaN,,
Hungan,H42,hum,H40,Mbala-Hunganna,,harsha,,NaN,,
Konzo,JD41,koo,JD40,Konzo-Nande,,,,,,
Ekisongoora,JD42,nnb,JD40,Konzo-Nande,,,,,,
#N/A,JD43,seeunderD40,JD40,Konzo-Nande,Not sure how to interpret this,,,,,
Nyindu,JD501,nyg,JD50,Shi-Hunde,,harsha,,NaN,,
Hunde,JD51,hke,JD50,Shi-Hunde,,harsha,,"https://130.60.24.118/gramfinder/p/africa/kaji_hunde1992.pdf,
https://130.60.24.118/gramfinder/p/africa/kaji_hunde1992_o.pdf",,
Havu,JD52,hav,JD50,Shi-Hunde,,harsha,,"https://130.60.24.118/gramfinder/p/africa/aramazani_havu1985_o.pdf,
https://130.60.24.118/gramfinder/p/africa/aramazani_havu1985.pdf",,
Hwindja,JD53,shr,JD50,Shi-Hunde,,harsha,,NaN,,
Rhinyihinyi,JD531,tbt,JD50,Shi-Hunde,,harsha,,https://130.60.24.118/gramfinder/p/africa/kaji_tembo1986.pdf,,
#N/A,JD54,seeUnderD50,JD50,Shi-Hunde,Not sure how to interpret this,,,,,
#N/A,JD55,seeUnderD50,JD50,Shi-Hunde,Not sure how to interpret this,,,,,
Kabwari,JD56,kcw,JD50,Shi-Hunde,,harsha,,NaN,,
Bufumbwa,JD61,kin,JD60,Rwanda-Rundi,,harsha,,"https://130.60.24.118/gramfinder/p/africa/hurel_runyarwanda1926_o.pdf,
https://130.60.24.118/gramfinder/p/africa/hurel_runyarwanda1926.pdf",,
Rundi,JD62,run,JD60,Rwanda-Rundi,,harsha,,"https://130.60.24.118/gramfinder/p/africa/menard_dictionnaire-kirundi1909_o.pdf,
https://130.60.24.118/gramfinder/p/africa/menard_dictionnaire-kirundi1909.pdf,
https://130.60.24.118/gramfinder/p/africa/rodegem_rundi1970.pdf,
https://130.60.24.118/gramfinder/p/africa/rodegem_rundi1970_o.pdf",,
Fuliiru,JD63,flr,JD60,Rwanda-Rundi,,harsha,,NaN,,
Joba,JD631,job,JD60,Rwanda-Rundi,,harsha,,NaN,,
Shubi,JD64,suj,JD60,Rwanda-Rundi,,harsha,,NaN,,
Hangaza,JD65,han,JD60,Rwanda-Rundi,,harsha,,NaN,,
Ha,JD66,haq,JD60,Rwanda-Rundi,,harsha,,NaN,,
Vinza,JD67,vin,JD60,Rwanda-Rundi,,harsha,,NaN,,
Rundi-Kitwa,-,-,JD60,Rwanda-Rundi,,,,,,
Gungu,JE101,rub,JE10,Nyoro-Ganda,,,,,,
Talinga-Bwisi,JE102,tlj,JE10,Nyoro-Ganda,,,,,,
Eastern Ruli,JE103,ruc,JE10,Nyoro-Ganda,,,,,,
Nyoro,JE11,nyo,JE10,Nyoro-Ganda,,,,,,
Tooro,JE12,ttj,JE10,Nyoro-Ganda,,,,,,
Hema,JE121,nix,JE10,Nyoro-Ganda,,,,,,
Hima,JE13,nyn,JE10,Nyoro-Ganda,,,,,,
Chiga,JE14,cgg,JE10,Nyoro-Ganda,,,,,,
Ganda,JE15,lug,JE10,Nyoro-Ganda,,,,,,
Gabula,JE16,xog,JE10,Nyoro-Ganda,,,,,,
Kenyi,JE16,lke,JE10,Nyoro-Ganda,,,,,,
Gwere,JE17,gwr,JE10,Nyoro-Ganda,,,,,,
West Nyala,JE18,-,JE10,Nyoro-Ganda,,,,,,
Nyambo,JE21,now,JE20,Haya-Jita,,,,,,
Bumbira,JE22,hay,JE20,Haya-Jita,,,,,,
Kula (Tanzania),JE23,zin,JE20,Haya-Jita,,,,,,
Kerewe,JE24,ked,JE20,Haya-Jita,,,,,,
Jita,JE25,jit,JE20,Haya-Jita,,,,,,
Kwaya,"JE251,253",kya,JE20,Haya-Jita,,,,,,
Kara (Tanzania),JE252,reg,JE20,Haya-Jita,,,,,,
Lubutu,JE31,myx,JE30,Masaba-Luhya,,harsha,,NaN,,
Bukusu,JE31c,bxk,JE30,Masaba-Luhya,,harsha,,https://130.60.24.118/gramfinder/p/africa/marlo_lubukusu2007_s.pdf,,
Syan,JE31D,-,JE30,Masaba-Luhya,,,,,,
Tachoni,JE31E,lts,JE30,Masaba-Luhya,,harsha,,NaN,,
Wanga,JE32a,lwg,JE30,Masaba-Luhya,,harsha,,"https://130.60.24.118/gramfinder/p/africa/anangwe_luwanga2008.pdf,
https://130.60.24.118/gramfinder/p/africa/appleby_luluhya-dictionary1943.pdf",,
Tsotso,JE32b,lto,JE30,Masaba-Luhya,,harsha,,NaN,,
Marama,JE32C,lrm,JE30,Masaba-Luhya,,harsha,,NaN,,
Kisa,JE32D,lks,JE30,Masaba-Luhya,,harsha,,NaN,,
Kabras,JE32E,lkb,JE30,Masaba-Luhya,,harsha,,NaN,,
East Nyala,JE32F,nle,JE30,Masaba-Luhya,,harsha,,NaN,,
Saamia,JE34,lsm,JE30,Masaba-Luhya,,harsha,,NaN,,
Khayo,JE341,lko,JE30,Masaba-Luhya,,harsha,,NaN,,
Marachi,JE342,lri,JE30,Masaba-Luhya,,harsha,,NaN,,
Hadyo,JE35,nuj,JE30,Masaba-Luhya,,harsha,,https://130.60.24.118/gramfinder/p/africa/musimami-diprose_lunyole2012.pdf,,
Mwibara,JE401,ngq,JE40,Logooli-Kuria,,,,,,
Ikizu,"JE402,404",ikz,JE40,Logooli-Kuria,,,,,,
Suba,JE403,sxb,JE40,Logooli-Kuria,,,,,,
Kabwa,JE405,cwa,JE40,Logooli-Kuria,,,,,,
Singa,JE406–7,sgm,JE40,Logooli-Kuria,,,,,,
Logooli,JE41,rag,JE40,Logooli-Kuria,,,,,,
Idakho-Isukha-Tiriki,JE411–3,ida,JE40,Logooli-Kuria,,,,,,
Gusii,JE42,guz,JE40,Logooli-Kuria,,,,,,
Bugumbe,JE43,kuj,JE40,Logooli-Kuria,,,,,,
Iregi,JE431–4,ssc,JE40,Logooli-Kuria,,,,,,
Girango,JE44,zak,JE40,Logooli-Kuria,,,,,,
Ikoma-Nata,JE45,ntk,JE40,Logooli-Kuria,,,,,,
Temi,(J?)E46,seeUnderE40,JE40,Logooli-Kuria,,,,,,
Chokwe,K11,cjk,K10,Ciokwe-Luchazi,,,,,,
Luimbi,K12a,lum,K10,Ciokwe-Luchazi,,,,,,
Nyemba,K12b,nba,K10,Ciokwe-Luchazi,,,,,,
Luchazi,K13,lch,K10,Ciokwe-Luchazi,,,,,,
Luvale,K14,lue,K10,Ciokwe-Luchazi,,,,,,
Mbunda,K15,mck,K10,Ciokwe-Luchazi,,,,,,
Nyengo,K16,nye,K10,Ciokwe-Luchazi,,,,,,
Mbwela,K17,mfu,K10,Ciokwe-Luchazi,,,,,,
Nkangala,K18,nkn,K10,Ciokwe-Luchazi,,,,,,
Lozi,K21,loz,K20,Lozi,,harsha,,"https://130.60.24.118/gramfinder/p/africa/burger_lozi1960_o.pdf,
https://130.60.24.118/gramfinder/p/africa/burger_lozi1960.pdf,
https://130.60.24.118/gramfinder/p/africa/jalla_lozi1936_o.pdf,
https://130.60.24.118/gramfinder/p/africa/jalla_lozi1936.pdf,
https://130.60.24.118/gramfinder/p/africa/mwendende_silozi2010.pdf,
https://130.60.24.118/gramfinder/p/africa/osullivan_silozi1993_o.pdf,
https://130.60.24.118/gramfinder/p/africa/osullivan_silozi1993.pdf",,
Kwandi,K31,lyn,K20,Lozi,,harsha,,NaN,,
Mbowe,K32,mxo,K30,Luyana,,,,,,
Kwangali,K33,kwn,K30,Luyana,,,,,,
Diriku-Shambyu,"K331,332,334",diu,K30,Luyana,,,,,,
Mbukushu,K333,mhw,K30,Luyana,,,,,,
Mashi (Zambia),K34,mho,K30,Luyana,,,,,,
Imilangu,K35,sie,K30,Luyana,,,,,,
Shanjo,K36,-,K30,Luyana,,,,,,
Fwe,K402,fwe,K40,Subiya-Totela,,,,,,
Totela,K41,ttl,K40,Subiya-Totela,,,,,,
Subiya,"K42,K401",sbs,K40,Subiya-Totela,,,,,,
Phende,L11,pem,L10,Pende,,,,,,
Holu,L12b,hol,L10,Pende,,,,,,
Kwese,L13,kws,L10,Pende,,,,,,
#N/A,L201,-,L20,Songe,"Not sure what to do here; it says in HH (2023) that it encompasses Budya and Yazi, these are both absent from Glottolog but there is closely related Hemba-Yazi (hem)",,,,,
Kete,L21,kcv,L20,Songe,,harsha,,NaN,,
Lwalu,L221,lwa,L20,Songe,,harsha,,NaN,,
Eastern Kalebwe,L23,sop,L20,Songe,,harsha,,"https://130.60.24.118/gramfinder/p/africa/samain_kisonge1923_o.pdf,
https://130.60.24.118/gramfinder/p/africa/samain_kisonge1923.pdf,
https://130.60.24.118/gramfinder/p/africa/samain_kisonge1923pages.pdf,
https://130.60.24.118/gramfinder/p/africa/samain_kisonge1923v2_o.pdf",,
Binji,L22/L231,bpj,L20,Songe,,harsha,,NaN,,
Luna,L24,luj,L20,Songe,,harsha,,NaN,,
Baluba,L31,lua,L30,Luba,,harsha,,"https://130.60.24.118/gramfinder/p/africa/declercq_luba1903_o.pdf,
https://130.60.24.118/gramfinder/p/africa/declercq_luba1903.pdf,
https://130.60.24.118/gramfinder/p/africa/morrison_buluba-lulua1906.pdf,
https://130.60.24.118/gramfinder/p/africa/morrison_buluba1906.pdf,
https://130.60.24.118/gramfinder/p/africa/morrison_buluba1906_o.pdf,
https://130.60.24.118/gramfinder/p/africa/morrison_tshiluba1939.pdf,
https://130.60.24.118/gramfinder/p/africa/morrison_tshiluba1939_o.pdf,
https://130.60.24.118/gramfinder/p/africa/willems_tshiluba1993_o.pdf,
https://130.60.24.118/gramfinder/p/africa/willems_tshiluba1993.pdf",,
Kanyok,L32,kny,L30,Luba,,harsha,,NaN,,
Luba-Katanga,L33,lub,L30,Luba,,harsha,,"https://130.60.24.118/gramfinder/p/africa/avermaet_kiluba1954_o.pdf,
https://130.60.24.118/gramfinder/p/africa/avermaet_kiluba1954.pdf,
https://130.60.24.118/gramfinder/p/africa/jenniges_kiluba1909.pdf",,
Hemba-Yazi,L34,hem,L30,Luba,,harsha,,https://130.60.24.118/gramfinder/p/africa/vandermeiren_kiluba-hemba1913.pdf,,
Sanga (Democratic Republic of Congo),L35,sng,L30,Luba,,harsha,,"https://130.60.24.118/gramfinder/p/africa/clarke_luba-sanga1911.pdf,
https://130.60.24.118/gramfinder/p/africa/clarke_luba-sanga1911_o.pdf",,
Kaonde,L41,kqn,L40,Kaonde,,harsha,,NaN,,
Luntu,L51,slx,L50,Lunda,,harsha,,NaN,,
Humbu,L52,lun,L50,Lunda,,harsha,,"https://130.60.24.118/gramfinder/p/africa/white_lunda1957v2.pdf,
https://130.60.24.118/gramfinder/p/africa/white_lunda1957.pdf,
https://130.60.24.118/gramfinder/p/africa/white_lunda1957v2_o.pdf",,
Lukolwe,L60-62,nka,L60,Nkoya,,harsha,,NaN,,
Pimbwe,M11,piw,M10,Fipa-Mambwe,,harsha,,NaN,,
Rungwa,M12,rnw,M10,Fipa-Mambwe,,harsha,,NaN,,
Fipa,M13,fip,M10,Fipa-Mambwe,,harsha,,NaN,,
Mambwe-Lungu,M14/15,mgr,M10,Fipa-Mambwe,,harsha,,NaN,,
Lambya,M201,lai,M20,Nyiha-Safwa,,harsha,,NaN,,
Sichela,M21,wbh,M20,Nyiha-Safwa,,harsha,,NaN,,
Iwa,M22,mwn,M20,Nyiha-Safwa,,harsha,,NaN,,
Nyika (Tanzania),M23A,nkt,M20,Nyiha-Safwa,,harsha,,NaN,,
Nyiha (Tanzania),M23B,nih,M20,Nyiha-Safwa,,harsha,,NaN,,
Nyiha (Malawi),M23C,nyr,M20,Nyiha-Safwa,,harsha,,NaN,,
Nyika (Malawi and Zambia),M23D,nkv,M20,Nyiha-Safwa,,harsha,,NaN,,
Malila,M24,mgq,M20,Nyiha-Safwa,,harsha,,NaN,,
Guruka,M25,sbk,M20,Nyiha-Safwa,,harsha,,NaN,,
Ndali,M301,ndh,M30,Nyakyusa-Ngonde,,harsha,,"https://130.60.24.118/gramfinder/p/africa/botne_chindali-dictionary2008.pdf,
https://130.60.24.118/gramfinder/p/africa/botne_chindali-dictionary2008_o.pdf,
https://130.60.24.118/gramfinder/p/africa/botne_chindali-dictionary2008_s.pdf",,
Kukwe,M31,nyy,M30,Nyakyusa-Ngonde,,harsha,,"https://130.60.24.118/gramfinder/p/africa/felberg_nyakyusa1996.pdf,
https://130.60.24.118/gramfinder/p/africa/felberg_nyakyusa1996_o.pdf",,
Bwile,M401,bwc,M40,Bemba,,harsha,,NaN,,
Aushi,M402,auh,M40,Bemba,,harsha,,NaN,,
Shila,M41,tap,M40,Bemba,,harsha,,https://130.60.24.118/gramfinder/p/africa/vanacker_kitabwa1907.pdf,,
Bemba (Zambia),M42,bem,M40,Bemba,,harsha,,"https://130.60.24.118/gramfinder/p/africa/kasonde_vocabulary-icibemba2002_o.pdf,
https://130.60.24.118/gramfinder/p/africa/kasonde_vocabulary-icibemba2002.pdf,
https://130.60.24.118/gramfinder/p/africa/robertson_bemba1904.pdf,
https://130.60.24.118/gramfinder/p/africa/robertson_bemba1904_o.pdf",,
Ambo (Lala-Bisa),M51-52,leb,M50,,,harsha,,"https://130.60.24.118/gramfinder/p/africa/madan_wisa1906.pdf,
https://130.60.24.118/gramfinder/p/africa/madan_wisa-handbook1906_o.pdf,
https://130.60.24.118/gramfinder/p/africa/madan_wisa-handbook1906.pdf",,
Lamba,M54,lam,M50,,,harsha,,"https://130.60.24.118/gramfinder/p/africa/doke_lamba1963_o.pdf,
https://130.60.24.118/gramfinder/p/africa/doke_lamba1963.pdf",,
Seba,M55,kdg,M50,,,harsha,,NaN,,
Lenje,M61,leh,M60,Lenje-Tonga/Bantu-Botatwe,,harsha,,"https://130.60.24.118/gramfinder/p/africa/torrend_botatwe1967[1931].pdf,
https://130.60.24.118/gramfinder/p/africa/torrend_botatwe1967[1931]_o.pdf",,
Soli,M62,sby,M60,Lenje-Tonga/Bantu-Botatwe,,harsha,,NaN,,
Ila,M63,ilb,M60,Lenje-Tonga/Bantu-Botatwe,,harsha,,"https://130.60.24.118/gramfinder/p/africa/torrend_botatwe1967[1931].pdf,
https://130.60.24.118/gramfinder/p/africa/torrend_botatwe1967[1931]_o.pdf",,
Sala,M631,shq,M60,Lenje-Tonga/Bantu-Botatwe,,harsha,,NaN,,
Chitonga,M64,toi,M60,Lenje-Tonga/Bantu-Botatwe,,harsha,,"https://130.60.24.118/gramfinder/p/africa/harris_tonga2013.pdf,
https://130.60.24.118/gramfinder/p/africa/torrend_botatwe1967[1931].pdf,
https://130.60.24.118/gramfinder/p/africa/torrend_botatwe1967[1931]_o.pdf",,
Toka-Leya-Dombe,M651–652,dov,M60,Lenje-Tonga/Bantu-Botatwe,,harsha,,"https://130.60.24.118/gramfinder/p/africa/torrend_botatwe1967[1931].pdf,
https://130.60.24.118/gramfinder/p/africa/torrend_botatwe1967[1931]_o.pdf",,
Ndendeule,N101,dne,N10,Manda,,,,,,
Nindi,N102,nxi,N10,Manda,,,,,,
Manda,N11,mgs,N10,Manda,,,,,,
Tanzanian Ngoni,N12,ngo,N10,Manda,ISO in HH (2023) is ngo but in Glottolog its ngo,,,,,
Matengo,N13,mgv,N10,Manda,,,,,,
Mpoto,N14,mpa,N10,Manda,,,,,,
Tonga (Nyasa),N15,tog,N10,Manda,,,,,,
Chikamanga,N21,tum,N20,Tumbuka,,harsha,,"https://130.60.24.118/gramfinder/p/africa/turner_tumbuka-tonga1996.pdf,
https://130.60.24.118/gramfinder/p/africa/turner_tumbuka-tonga1996_o.pdf",,
Nyanja/Mwera (Nyasa),N31,nya/mjh,N30,Chewa-Nyanja,"two distinct languages in Glottolog, each with its own ISO",,,,,
Kunda,N41,nse,N40,Senga-Sena,,harsha,,NaN,,
Chikunda,N42,kdn,N40,Senga-Sena,,harsha,,NaN,,
Nyungwe,N43,nyu,N40,Senga-Sena,,harsha,,"https://130.60.24.118/gramfinder/p/africa/courtois_tetense1899.pdf,
https://130.60.24.118/gramfinder/p/africa/courtois_tetense1899_o.pdf",,
Bangwe,N44,seh,N40,Senga-Sena,,harsha,,NaN,,
Malawi Sena,N441,swk,N40,Senga-Sena,,harsha,,NaN,,
Barwe,N45,bwg,N40,Senga-Sena,,harsha,,NaN,,
Ndengereko,P11/12,ndg/rui,P10,Matuumbi,rui is Bookkeeping,,,,,
Kuchi,P13,mgw,P10,Matuumbi,,harsha,,https://130.60.24.118/gramfinder/p/africa/krumm_kimatumbi1913.pdf,,
Ngindo,P14,nnq,P10,Matuumbi,,harsha,,NaN,,
Mbunga,P15,mgy,P10,Matuumbi,,harsha,,NaN,,
Chikonono,P21,yao,P20,Yao,,,,,,
Mwera (Chimwera),P22,mwe,P20,Yao,,,,,,
Makonde,P23/P24,kde/njd,P20,Yao,,,,,,
Machinga,P23,mvw,P20,Yao,,,,,,
Central Makua,"P31A,E",vmw,P30,Makhuwa,,harsha,,NaN,,
Makhuwa-Meetto,"P31B,G",mgh,P30,Makhuwa,,harsha,,NaN,,
Makhuwa-Shirima,P31C,vmk,P30,Makhuwa,,harsha,,NaN,,
Kokola,P31C,kzn,P30,Makhuwa,,harsha,,NaN,,
Lolo,P31C,llb,P30,Makhuwa,,harsha,,NaN,,
Manyawa,P31C,mny,P30,Makhuwa,,harsha,,NaN,,
Marenje,P31C,vmr,P30,Makhuwa,,harsha,,NaN,,
Takwane,P31C,tke,P30,Makhuwa,,harsha,,NaN,,
Makhuwa-Marrevone,P31D,xmc,P30,Makhuwa,,harsha,,NaN,,
Makhuwa-Saka,P31F,xsq,P30,Makhuwa,,harsha,,NaN,,
Ekoti,P311,eko,P30,Makhuwa,,harsha,,NaN,,
Nathembo,P312,nte,P30,Makhuwa,,harsha,,NaN,,
Mozambique Lomwe,P32,ngl,P30,Makhuwa,,harsha,,"https://130.60.24.118/gramfinder/p/africa/bonalumi_lomwe1965_o.pdf,
https://130.60.24.118/gramfinder/p/africa/bonalumi_lomwe1965v2_o.pdf,
https://130.60.24.118/gramfinder/p/africa/bonalumi_lomwe1965.pdf,
https://130.60.24.118/gramfinder/p/africa/marques_elomwe2010.pdf",,
Malawi Lomwe,"P33,331",lon,P30,Makhuwa,,harsha,,NaN,,
Central Chuwabo,P34,chw,P30,Makhuwa,,harsha,,https://130.60.24.118/gramfinder/p/africa/salvador_echuwabu2010.pdf,,
Maindo,P34,cwb,P30,Makhuwa,,harsha,,NaN,,
Makhuwa-Moniga,P341,mhm,P30,Makhuwa,,harsha,,NaN,,
Hele,R11,umb,R10,Umbundu,,harsha,,"https://130.60.24.118/gramfinder/p/africa/guennec-valente_umbundu1972v2.pdf,
https://130.60.24.118/gramfinder/p/africa/guennec-valente_umbundu1972.pdf,
https://130.60.24.118/gramfinder/p/africa/guennec-valente_umbundu1972_o.pdf,
https://130.60.24.118/gramfinder/p/africa/guennec-valente_umbundu1972v2_o.pdf,
https://130.60.24.118/gramfinder/p/africa/sanders-fay_umbundu1885.pdf,
https://130.60.24.118/gramfinder/p/africa/sanders_umbundu-vocabulary1885.pdf,
https://130.60.24.118/gramfinder/p/africa/sanders_umbundu-vocabulary1885_o.pdf",,
Ndombe,R12,ndq,R10,Umbundu,,harsha,,NaN,,
Cilenge,R13,nyk,R10,Umbundu,,harsha,,"https://130.60.24.118/gramfinder/p/africa/dasilva_nhaneca1966.pdf,
https://130.60.24.118/gramfinder/p/africa/dasilva_nhaneca1966_o.pdf",,
Handa (Nkhumbi),R14,khu,R10,Umbundu,,harsha,,NaN,,
Kuanyama,R21,kua,R20,Wambo,,harsha,,"https://130.60.24.118/gramfinder/p/africa/tobias-turvey_kwanyama1954.pdf,
https://130.60.24.118/gramfinder/p/africa/turvey_kwanyama-dictionary1977.pdf,
https://130.60.24.118/gramfinder/p/africa/turvey_kwanyama-dictionary1977_o.pdf",,
Dombondola,R214,lnb,R20,Wambo,,harsha,,NaN,,
Eunda Kolonkadhi,R22,ndo,R20,Wambo,,harsha,,https://130.60.24.118/gramfinder/p/africa/viljoen_oshindonga2004[1984].pdf,,
Kwambi,R23,kwm,R20,Wambo,,harsha,,NaN,,
Ngandyera,R24,nne,R20,Wambo,,harsha,,NaN,,
Kuvale,R101,olu,R30,Herero,,,,,,
Kwandu,-,-,R30,Herero,"In Glottolog, ISO is xdo",,,,,
Ngendelengo,-,-,R30,Herero,"In Glottolog, ISO is nql",,,,,
Herero,"R31A,B,R312",her,R30,Herero,,,,,,
Zemba,R311,dhm,R30,Herero,,,,,,
Caprivi Yeyi,"R41A,B",yey,R40,Yeyi,,,,,,
Tawara,S11,twl,S10,Shona,,harsha,,NaN,,
Budya,"S12,S14",sna,S10,Shona,,harsha,,"https://130.60.24.118/gramfinder/p/africa/barnes_mashonaland1932_o.pdf,
https://130.60.24.118/gramfinder/p/africa/barnes_mashonaland1932.pdf,
https://130.60.24.118/gramfinder/p/africa/biehler_chiswina1913.pdf,
https://130.60.24.118/gramfinder/p/africa/biehler_chiswina1927.pdf,
https://130.60.24.118/gramfinder/p/africa/dale_shona1984_o.pdf,
https://130.60.24.118/gramfinder/p/africa/elliott_tebele-shuna1897.pdf,
https://130.60.24.118/gramfinder/p/africa/louw_chikaranga1915_o.pdf,
https://130.60.24.118/gramfinder/p/africa/louw_chikaranga1915.pdf",,
Bocha,S13,mxc,S10,Shona,,harsha,,https://130.60.24.118/gramfinder/p/africa/buck_chiswina1911.pdf,,
Tewe,S13,twx,S10,Shona,,harsha,,NaN,,
Danda,S15,ndc,S10,Shona,,harsha,,"https://130.60.24.118/gramfinder/p/africa/wilderetal_chindau1915.pdf,
https://130.60.24.118/gramfinder/p/africa/wilderetal_chindau1915_o.pdf",,
Ikalanga,"S16A,C,D,E,F,G,H,I,J,K,L",kck,S10,Shona,,harsha,,https://130.60.24.118/gramfinder/p/africa/chebanne_kalanga2019_s.pdf,,
Nambya,S16B,nmq,S10,Shona,,harsha,,NaN,,
Dema,-,dmx,S10,Shona,,harsha,,NaN,,
Guvhu,S21,ven,S20,Venda,,harsha,,"https://130.60.24.118/gramfinder/p/africa/tshikota_tshivenda2015_o.pdf,
https://130.60.24.118/gramfinder/p/africa/tshikota_tshivenda2015.pdf,
https://130.60.24.118/gramfinder/p/africa/vanwarmelo_venda1989_o.pdf,
https://130.60.24.118/gramfinder/p/africa/vanwarmelo_venda1989.pdf,
https://130.60.24.118/gramfinder/p/africa/wentzel_venda1982.pdf",,
Hurutshe,S31,tsn,S30,Sotho-Tswana,,,,,,
Balaongwe,S311(=S31d),xkv,S30,Sotho-Tswana,,,,,,
Dzwabo,S32,nso,S30,Sotho-Tswana,,,,,,
Birwa,S32E,brl,S30,Sotho-Tswana,,,,,,
Tswapong,S32F,two,S30,Sotho-Tswana,,,,,,
Phuthi (Southern Sotho),S33,sot,S30,Sotho-Tswana,,,,,,
Isindzundza,S407,nbl,S40,Nguni,,harsha,,NaN,,
Sumayela Ndebele,S408,-,S40,Nguni,,,,,,
Bhaca,S41,xho,S40,Nguni,,harsha,,"https://130.60.24.118/gramfinder/p/africa/bachmann_pondo1890_o.pdf,
https://130.60.24.118/gramfinder/p/africa/bachmann_pondo1890.pdf,
https://130.60.24.118/gramfinder/p/africa/fischer_english-xhosa1985.pdf,
https://130.60.24.118/gramfinder/p/africa/kropf_kaffir1915_o.pdf,
https://130.60.24.118/gramfinder/p/africa/kropf_kaffir1915.pdf,
https://130.60.24.118/gramfinder/p/africa/kropf_kafir1915.pdf,
https://130.60.24.118/gramfinder/p/africa/mclaren_xhosa1975[1963].pdf,
https://130.60.24.118/gramfinder/p/africa/mclaren_xhosa1975[1963]_o.pdf,
https://130.60.24.118/gramfinder/p/africa/stewart_xosa1956.pdf,
https://130.60.24.118/gramfinder/p/africa/stewart_xosa1956_o.pdf,
https://130.60.24.118/gramfinder/p/africa/tshabe_dictionary-isixhosa2006.pdf,
https://130.60.24.118/gramfinder/p/africa/tshabe_dictionary-isixhosa2006_o.pdf,
https://130.60.24.118/gramfinder/p/africa/tshabe_dictionary-isixhosa2006.zip",,
Ngoni of Malawi,S42,zul,S40,Nguni,,harsha,,"https://130.60.24.118/gramfinder/p/africa/bryant_zulu1905.pdf,
https://130.60.24.118/gramfinder/p/africa/bryant_zulu1917.pdf,
https://130.60.24.118/gramfinder/p/africa/bryant_zulu1917_o.pdf,
https://130.60.24.118/gramfinder/p/africa/colenso_zulu-english-dictionary1884.pdf,
https://130.60.24.118/gramfinder/p/africa/colenso_zulu-english-dictionary1884_o.pdf,
https://130.60.24.118/gramfinder/p/africa/doke-vilakazi_zulu1972.pdf,
https://130.60.24.118/gramfinder/p/africa/mbatha_zulu2006.pdf,
https://130.60.24.118/gramfinder/p/africa/mbatha_zulu2006_o.pdf,
https://130.60.24.118/gramfinder/p/africa/roberts_zulu1951.pdf,
https://130.60.24.118/gramfinder/p/africa/roberts_zulu1951_o.pdf,
https://130.60.24.118/gramfinder/p/africa/shabangu-swanepoel_south-ndebele1989.pdf,
https://130.60.24.118/gramfinder/p/africa/shabangu-swanepoel_south-ndebele1989_o.pdf",,
Lala (Nguni),S43,ssw,S40,Nguni,,harsha,,"https://130.60.24.118/gramfinder/p/africa/anonymous_sesiswati2010_o.pdf,
https://130.60.24.118/gramfinder/p/africa/anonymous_sesiswati2010.pdf,
https://130.60.24.118/gramfinder/p/africa/hlophe_sesiswati2015.pdf,
https://130.60.24.118/gramfinder/p/africa/rycroft_siswati1981_o.pdf,
https://130.60.24.118/gramfinder/p/africa/rycroft_siswati1981.pdf",,
Zimbabwean Ndebele,S44,nde,S40,Nguni,,harsha,,"https://130.60.24.118/gramfinder/p/africa/elliott_tebele-shuna1897.pdf,
https://130.60.24.118/gramfinder/p/africa/elliott_sindebele1912_o.pdf,
https://130.60.24.118/gramfinder/p/africa/elliott_sindebele1912.pdf,
https://130.60.24.118/gramfinder/p/africa/hadebe_ndebele2001.pdf,
https://130.60.24.118/gramfinder/p/africa/hadebe_ndebele2001_o.pdf,
https://130.60.24.118/gramfinder/p/africa/pelling_ndebele1971.pdf,
https://130.60.24.118/gramfinder/p/africa/pelling_ndebele1971_o.pdf,
https://130.60.24.118/gramfinder/p/africa/pelling-pelling_ndebele1971.pdf",,
Hlengwe,S51,tsc,S50,Tswa-Rhonga,,harsha,,"https://130.60.24.118/gramfinder/p/africa/persson_tshwa1957_o.pdf,
https://130.60.24.118/gramfinder/p/africa/persson_tshwa1957.pdf",,
Tsonga,S52,seeS53,S50,Tswa-Rhonga,S52 is Changana dialect of Tsonga,,,,,
Bila (Tsonga),S52/53,tso,S50,Tswa-Rhonga,,harsha,,"https://130.60.24.118/gramfinder/p/africa/cuenod_tsonga1967.pdf,
https://130.60.24.118/gramfinder/p/africa/cuenod_tsonga1967_o.pdf,
https://130.60.24.118/gramfinder/p/africa/sitoe_changana1996.pdf,
https://130.60.24.118/gramfinder/p/africa/sitoe_changana1996_o.pdf",,
Kalanga (Ronga),S54,rng,S50,Tswa-Rhonga,,harsha,,"https://130.60.24.118/gramfinder/p/africa/junod_ronga-conversation1896.pdf,
https://130.60.24.118/gramfinder/p/africa/junod_ronga-conversation1896_o.pdf,
https://130.60.24.118/gramfinder/p/africa/dovalle_shironga1906.pdf,
https://130.60.24.118/gramfinder/p/africa/dovalle_shironga1906_o.pdf",,
Chopi,S61,cce,S60,Copi,,harsha,,"https://130.60.24.118/gramfinder/p/africa/dossantos_chope1949_o.pdf,
https://130.60.24.118/gramfinder/p/africa/dossantos_chope1949.pdf",,
Gitonga,S62,toh,S60,Copi,,harsha,,NaN,,